OBJECTID,GEOID10,NAMELSAD10,SqMiles,Acres,CounciDist,Likely_Occupied,Potentially_Vacant,Likely_Vacant,VeryLikely_Vacant,Total_MCM_Parcel_Count,Pct_Likely_Occupied,Pct_Potentially_Vacant,Pct_Likely_Vacant,Pct_VeryLikely_Vacant
1,26163524800,Census Tract 5248,0.43178769,276.3441252,6,976,123,118,80,1297,75.2505782575173,9.4834232845027,9.09791827293755,6.16808018504241
2,26163521900,Census Tract 5219,0.65345821,418.21325496,6,444,42,27,28,541,82.0702402957486,7.7634011090573,4.99075785582255,5.17560073937153
3,26163521800,Census Tract 5218,0.08683707,55.57572992,6,25,1,,,26,96.1538461538462,3.84615384615385,,
4,26163521500,Census Tract 5215,0.58221927,372.62033533,6,241,37,29,34,341,70.6744868035191,10.8504398826979,8.50439882697947,9.97067448680352
5,26163521400,Census Tract 5214,0.50410501,322.62721017,6,310,26,19,15,370,83.7837837837838,7.02702702702703,5.13513513513514,4.05405405405405
6,26163521300,Census Tract 5213,0.37420171,239.48909894,6,226,61,49,30,366,61.7486338797814,16.6666666666667,13.3879781420765,8.19672131147541
7,26163521100,Census Tract 5211,0.61777542,395.37626986,6,387,38,25,18,468,82.6923076923077,8.11965811965812,5.34188034188034,3.84615384615385
8,26163985300,Census Tract 9853,0.42678612,273.1431221,6,45,18,13,5,81,55.5555555555556,22.2222222222222,16.0493827160494,6.17283950617284
9,26163520800,Census Tract 5208,0.52057922,333.17070257,6,72,4,3,2,81,88.8888888888889,4.93827160493827,3.7037037037037,2.46913580246914
10,26163520700,Census Tract 5207,0.2963056,189.63558833,6,72,15,14,7,108,66.6666666666667,13.8888888888889,12.962962962963,6.48148148148148
11,26163520400,Census Tract 5204,0.15813895,101.20892773,6,109,18,13,3,143,76.2237762237762,12.5874125874126,9.09090909090909,2.0979020979021
12,26163520300,Census Tract 5203,0.17417724,111.47343816,6,118,18,10,5,151,78.1456953642384,11.9205298013245,6.62251655629139,3.3112582781457
13,26163516900,Census Tract 5169,0.23750263,152.0016859,5,31,1,,,32,96.875,3.125,,
14,26163516800,Census Tract 5168,0.37963726,242.9678485,5,228,80,62,91,461,49.4577006507592,17.353579175705,13.4490238611714,19.7396963123644
15,26163516700,Census Tract 5167,0.46300907,296.32580763,5,101,,2,,103,98.0582524271845,,1.94174757281553,
16,26163516600,Census Tract 5166,0.26683558,170.77477591,5,25,6,1,,32,78.125,18.75,3.125,
17,26163516500,Census Tract 5165,0.51690662,330.82023618,5,73,17,14,4,108,67.5925925925926,15.7407407407407,12.962962962963,3.7037037037037
18,26163516400,Census Tract 5164,0.39787711,254.6413538,5,209,70,52,54,385,54.2857142857143,18.1818181818182,13.5064935064935,14.025974025974
19,26163516300,Census Tract 5163,0.23905901,152.99776769,5,185,65,43,52,345,53.6231884057971,18.8405797101449,12.463768115942,15.0724637681159
20,26163516200,Census Tract 5162,0.21822995,139.66717371,5,187,55,30,45,317,58.9905362776025,17.3501577287066,9.46372239747634,14.1955835962145
21,26163516100,Census Tract 5161,0.52099158,333.43461111,5,192,65,85,69,411,46.7153284671533,15.8150851581509,20.6812652068127,16.7883211678832
22,26163515700,Census Tract 5157,0.46643071,298.51565551,5,103,7,3,3,116,88.7931034482759,6.03448275862069,2.58620689655172,2.58620689655172
23,26163515600,Census Tract 5156,0.33393898,213.72094981,5,223,49,47,75,394,56.5989847715736,12.4365482233503,11.9289340101523,19.0355329949239
24,26163515400,Census Tract 5154,0.34844368,223.00395766,5,409,36,23,27,495,82.6262626262626,7.27272727272727,4.64646464646465,5.45454545454545
25,26163515300,Census Tract 5153,0.30699754,196.47843054,5,273,71,35,37,416,65.625,17.0673076923077,8.41346153846154,8.89423076923077
26,26163515200,Census Tract 5152,0.35888427,229.68593427,5,388,92,76,153,709,54.7249647390691,12.9760225669958,10.7193229901269,21.5796897038082
27,26163514500,Census Tract 5145,0.2177369,139.35162013,5,303,55,66,120,544,55.6985294117647,10.1102941176471,12.1323529411765,22.0588235294118
32,26163520200,Census Tract 5202,0.31897366,204.14314524,6,87,4,1,,92,94.5652173913043,4.34782608695652,1.08695652173913,
33,26163518800,Census Tract 5188,0.54651486,349.76951232,5,206,66,56,72,400,51.5,16.5,14,18
34,26163518600,Census Tract 5186,0.28633413,183.25384476,5,177,66,50,56,349,50.7163323782235,18.9111747851003,14.3266475644699,16.0458452722063
35,26163518500,Census Tract 5185,0.30906667,197.80266827,5,221,82,74,65,442,50,18.552036199095,16.7420814479638,14.7058823529412
36,26163518400,Census Tract 5184,0.40793469,261.07820187,5,122,55,39,56,272,44.8529411764706,20.2205882352941,14.3382352941176,20.5882352941176
37,26163518000,Census Tract 5180,0.32863085,210.32374503,5,94,16,3,4,117,80.3418803418803,13.6752136752137,2.56410256410256,3.41880341880342
38,26163517500,Census Tract 5175,0.42521932,272.14036846,5,54,9,3,,66,81.8181818181818,13.6363636363636,4.54545454545455,
39,26163517200,Census Tract 5172,0.63026737,403.37111736,5,150,21,10,3,184,81.5217391304348,11.4130434782609,5.43478260869565,1.6304347826087
40,26163517100,Census Tract 5171,0.10837733,69.36149202,5,25,,1,,26,96.1538461538462,,3.84615384615385,
41,26163517000,Census Tract 5170,0.22179522,141.94894479,5,31,5,1,,37,83.7837837837838,13.5135135135135,2.7027027027027,
43,26163514300,Census Tract 5143,0.77965222,498.97742479,4,626,151,109,245,1131,55.3492484526967,13.3510167992927,9.63748894783378,21.6622458001768
44,26163514100,Census Tract 5141,0.62148509,397.75045836,4,648,184,157,380,1369,47.3338203067933,13.4404674945215,11.4682249817385,27.7574872169467
45,26163513900,Census Tract 5139,0.49663857,317.84868631,5,399,95,87,193,774,51.5503875968992,12.2739018087855,11.2403100775194,24.9354005167959
46,26163513600,Census Tract 5136,0.37795772,241.89294009,5,231,61,45,106,443,52.1444695259594,13.7697516930023,10.1580135440181,23.9277652370203
47,26163513300,Census Tract 5133,0.62411058,399.43077495,4,573,61,44,45,723,79.253112033195,8.43706777316736,6.08575380359613,6.22406639004149
48,26163513200,Census Tract 5132,0.35826226,229.2878475,4,493,95,68,135,791,62.3261694058154,12.0101137800253,8.59671302149178,17.0670037926675
49,26163512900,Census Tract 5129,0.58486561,374.31399561,4,283,89,48,105,525,53.9047619047619,16.952380952381,9.14285714285714,20
50,26163512600,Census Tract 5126,0.53425805,341.925152,4,367,110,86,159,722,50.8310249307479,15.2354570637119,11.9113573407202,22.0221606648199
51,26163512400,Census Tract 5124,0.38672648,247.5049504,4,283,79,74,139,575,49.2173913043478,13.7391304347826,12.8695652173913,24.1739130434783
52,26163512300,Census Tract 5123,0.30649793,196.15867617,4,305,76,49,96,526,57.9847908745247,14.4486692015209,9.31558935361217,18.2509505703422
53,26163512100,Census Tract 5121,0.46078281,294.900998,4,686,164,122,253,1225,56,13.3877551020408,9.95918367346939,20.6530612244898
54,26163511900,Census Tract 5119,0.44505185,284.83318346,5,299,65,90,99,553,54.0687160940326,11.754068716094,16.2748643761302,17.9023508137432
60,26163985900,Census Tract 9859,0.24143778,154.52018395,5,20,5,3,2,30,66.6666666666667,16.6666666666667,10,6.66666666666667
61,26163985200,Census Tract 9852,0.94055798,601.95710969,4,14,1,1,2,18,77.7777777777778,5.55555555555556,5.55555555555556,11.1111111111111
62,26163511200,Census Tract 5112,0.51839813,331.77480427,5,353,77,80,131,641,55.0702028081123,12.01248049922,12.4804992199688,20.4368174726989
63,26163985100,Census Tract 9851,1.12935615,722.78793442,5,33,11,5,2,51,64.7058823529412,21.5686274509804,9.80392156862745,3.92156862745098
64,26163510700,Census Tract 5107,0.21898092,140.14779367,5,306,62,39,54,461,66.3774403470716,13.4490238611714,8.45986984815618,11.7136659436009
65,26163510600,Census Tract 5106,0.53334916,341.34346594,3,1145,101,71,77,1394,82.1377331420373,7.24533715925395,5.09325681492109,5.52367288378766
66,26163510500,Census Tract 5105,0.55347898,354.22655208,3,821,144,159,197,1321,62.1498864496594,10.9008327024981,12.0363361090083,14.9129447388342
67,26163510400,Census Tract 5104,0.61098272,391.02894489,3,256,108,111,155,630,40.6349206349206,17.1428571428571,17.6190476190476,24.6031746031746
68,26163508000,Census Tract 5080,0.68761242,440.07194986,2,239,53,65,109,466,51.2875536480687,11.3733905579399,13.9484978540773,23.3905579399142
69,26163507900,Census Tract 5079,0.40959801,262.14273185,2,475,132,151,252,1010,47.029702970297,13.0693069306931,14.950495049505,24.950495049505
70,26163507800,Census Tract 5078,0.4905675,313.9632013,3,212,70,66,80,428,49.5327102803738,16.3551401869159,15.4205607476636,18.6915887850467
74,26163546900,Census Tract 5469,0.44454103,284.50626304,7,375,91,33,57,556,67.4460431654676,16.3669064748201,5.93525179856115,10.2517985611511
76,26163985000,Census Tract 9850,0.27168271,173.87693686,6,12,5,5,14,36,33.3333333333333,13.8888888888889,13.8888888888889,38.8888888888889
77,26163526500,Census Tract 5265,0.37514187,240.09080054,6,520,143,118,271,1052,49.4296577946768,13.5931558935361,11.2167300380228,25.7604562737643
78,26163507500,Census Tract 5075,0.34495563,220.77160765,3,710,87,131,129,1057,67.1712393566698,8.23084200567644,12.3935666982025,12.2043519394513
79,26163507400,Census Tract 5074,0.47861185,306.31158318,3,858,120,125,213,1316,65.1975683890578,9.11854103343465,9.4984802431611,16.1854103343465
80,26163507300,Census Tract 5073,0.50574788,323.67864356,3,830,141,139,304,1414,58.6987270155587,9.97171145685997,9.83026874115983,21.4992927864215
81,26163507200,Census Tract 5072,0.29135693,186.46843866,3,395,104,80,135,714,55.3221288515406,14.5658263305322,11.2044817927171,18.9075630252101
82,26163507100,Census Tract 5071,0.41686137,266.79127828,3,851,136,105,192,1284,66.2772585669782,10.5919003115265,8.17757009345794,14.9532710280374
83,26163507000,Census Tract 5070,0.45792024,293.0689587,3,785,140,90,119,1134,69.2239858906526,12.3456790123457,7.93650793650794,10.4938271604938
84,26163506900,Census Tract 5069,0.46653187,298.58039712,3,1208,157,108,178,1651,73.167777104785,9.50938824954573,6.54149000605694,10.7813446396124
85,26163506800,Census Tract 5068,0.67524171,432.15469345,3,1232,138,71,119,1560,78.974358974359,8.84615384615385,4.55128205128205,7.62820512820513
86,26163506700,Census Tract 5067,0.36107385,231.08726888,3,420,41,31,89,581,72.289156626506,7.05679862306368,5.33562822719449,15.3184165232358
87,26163506600,Census Tract 5066,0.47757748,305.64958786,3,961,150,109,278,1498,64.1522029372497,10.0133511348465,7.27636849132176,18.5580774365821
88,26163506500,Census Tract 5065,0.36909165,236.21865922,3,693,105,100,181,1079,64.2261353104727,9.73123262279889,9.2678405931418,16.7747914735867
89,26163506400,Census Tract 5064,0.70447813,450.86600711,3,302,96,68,214,680,44.4117647058823,14.1176470588235,10,31.4705882352941
91,26163546800,Census Tract 5468,0.50202585,321.29654769,7,838,178,100,153,1269,66.0362490149724,14.026792750197,7.88022064617809,12.0567375886525
92,26163546700,Census Tract 5467,0.49358759,315.89605959,7,817,184,101,175,1277,63.9780736100235,14.4087705559906,7.90916209866876,13.7039937353172
93,26163546600,Census Tract 5466,0.28025456,179.36292343,7,485,131,87,179,882,54.9886621315193,14.8526077097506,9.86394557823129,20.2947845804989
94,26163546500,Census Tract 5465,0.25451661,162.89063162,7,566,74,38,36,714,79.2717086834734,10.3641456582633,5.32212885154062,5.04201680672269
95,26163546400,Census Tract 5464,0.25115018,160.73611981,7,300,74,51,145,570,52.6315789473684,12.9824561403509,8.94736842105263,25.4385964912281
96,26163546300,Census Tract 5463,1.49755359,958.43429759,7,691,82,19,8,800,86.375,10.25,2.375,1
97,26163546100,Census Tract 5461,0.48879413,312.82824628,7,1142,213,147,278,1780,64.1573033707865,11.9662921348315,8.25842696629213,15.6179775280899
98,26163546000,Census Tract 5460,0.49413817,316.24843186,7,850,199,126,447,1622,52.4044389642417,12.268803945746,7.76818742293465,27.5585696670777
99,26163545900,Census Tract 5459,0.48853274,312.66095594,7,1109,215,127,272,1723,64.3644805571677,12.4782356355194,7.37086477074869,15.7864190365641
100,26163545800,Census Tract 5458,0.55911646,357.83453775,7,1334,236,158,286,2014,66.2363455809335,11.7179741807349,7.84508440913605,14.2005958291956
101,26163545700,Census Tract 5457,0.42223282,270.22900834,7,779,116,56,79,1030,75.631067961165,11.2621359223301,5.4368932038835,7.66990291262136
102,26163545600,Census Tract 5456,0.50844094,325.4022036,7,1305,187,94,140,1726,75.6083429895713,10.8342989571263,5.44611819235226,8.11123986095017
103,26163545500,Census Tract 5455,0.50899615,325.75754114,7,1034,177,125,182,1518,68.1159420289855,11.6600790513834,8.23451910408432,11.9894598155468
104,26163545400,Census Tract 5454,0.50423204,322.70850784,7,92,36,19,38,185,49.7297297297297,19.4594594594595,10.2702702702703,20.5405405405405
105,26163522400,Census Tract 5224,0.37029088,236.98616854,5,98,17,29,60,204,48.0392156862745,8.33333333333333,14.2156862745098,29.4117647058824
106,26163533900,Census Tract 5339,0.52252865,334.41833763,5,263,31,21,15,330,79.6969696969697,9.39393939393939,6.36363636363636,4.54545454545455
107,26163524900,Census Tract 5249,1.41033543,902.61467465,6,408,90,94,49,641,63.6505460218409,14.0405616224649,14.6645865834633,7.64430577223089
108,26163506300,Census Tract 5063,0.74970189,479.80921328,3,716,129,101,193,1139,62.8621597892889,11.3257243195786,8.86742756804214,16.9446883230904
109,26163506200,Census Tract 5062,0.37972529,243.02418852,3,593,105,67,161,926,64.0388768898488,11.3390928725702,7.2354211663067,17.3866090712743
110,26163506100,Census Tract 5061,0.35622016,227.98090714,3,601,86,50,94,831,72.3225030084236,10.3489771359807,6.01684717208183,11.3116726835138
111,26163505200,Census Tract 5052,0.41157216,263.40618166,4,772,153,117,213,1255,61.5139442231076,12.191235059761,9.32270916334661,16.9721115537849
112,26163505100,Census Tract 5051,0.82921114,530.69513018,3,759,87,85,201,1132,67.0494699646643,7.68551236749117,7.50883392226149,17.756183745583
113,26163505000,Census Tract 5050,0.29271949,187.34047355,3,310,54,90,163,617,50.2431118314425,8.75202593192869,14.5867098865478,26.418152350081
114,26163504900,Census Tract 5049,0.86836306,555.75235713,3,955,113,75,91,1234,77.3905996758509,9.15721231766613,6.07779578606159,7.37439222042139
115,26163504800,Census Tract 5048,1.21989286,780.73142811,3,205,64,45,124,438,46.8036529680365,14.6118721461187,10.2739726027397,28.310502283105
116,26163504700,Census Tract 5047,0.506478,324.14591984,3,464,129,102,207,902,51.4412416851441,14.3015521064302,11.3082039911308,22.9490022172949
117,26163504400,Census Tract 5044,0.37433878,239.57682135,4,384,111,94,305,894,42.9530201342282,12.4161073825503,10.5145413870246,34.1163310961969
118,26163504300,Census Tract 5043,0.36529434,233.7883778,4,554,133,92,253,1032,53.6821705426357,12.8875968992248,8.91472868217054,24.515503875969
119,26163504200,Census Tract 5042,0.38880526,248.83536577,4,452,140,105,336,1033,43.756050338819,13.5527589545015,10.1645692158761,32.5266214908035
121,26163545300,Census Tract 5453,0.49539493,317.05275988,7,494,100,74,146,814,60.6879606879607,12.2850122850123,9.09090909090909,17.9361179361179
122,26163545200,Census Tract 5452,0.48437751,310.00160783,7,794,147,111,344,1396,56.8767908309456,10.5300859598854,7.9512893982808,24.6418338108883
123,26163545100,Census Tract 5451,0.44409277,284.21937369,7,397,101,91,259,848,46.8160377358491,11.9103773584906,10.7311320754717,30.5424528301887
124,26163544300,Census Tract 5443,0.73949104,473.27426438,1,704,147,108,105,1064,66.1654135338346,13.8157894736842,10.1503759398496,9.86842105263158
125,26163544200,Census Tract 5442,0.49336751,315.75520952,1,496,144,176,295,1111,44.6444644464446,12.961296129613,15.8415841584158,26.5526552655266
126,26163544100,Census Tract 5441,0.7119994,455.67961994,1,463,49,28,50,590,78.4745762711864,8.30508474576271,4.74576271186441,8.47457627118644
127,26163544000,Census Tract 5440,0.38969561,249.40519078,1,715,58,32,14,819,87.3015873015873,7.08180708180708,3.90720390720391,1.70940170940171
128,26163543900,Census Tract 5439,0.48708061,311.7315926,1,164,46,41,127,378,43.3862433862434,12.1693121693122,10.8465608465608,33.5978835978836
129,26163543800,Census Tract 5438,0.38584385,246.9400675,1,283,84,87,159,613,46.1663947797716,13.7030995106036,14.1924959216966,25.9380097879282
130,26163543700,Census Tract 5437,0.51155871,327.39757955,1,415,123,114,268,920,45.1086956521739,13.3695652173913,12.3913043478261,29.1304347826087
131,26163543600,Census Tract 5436,0.54212179,346.9579473,1,420,136,129,203,888,47.2972972972973,15.3153153153153,14.527027027027,22.8603603603604
132,26163543500,Census Tract 5435,0.36074026,230.87376983,1,371,100,81,250,802,46.2593516209476,12.4688279301746,10.0997506234414,31.1720698254364
133,26163543400,Census Tract 5434,0.41008643,262.45532016,1,949,160,73,68,1250,75.92,12.8,5.84,5.44
134,26163504100,Census Tract 5041,0.28522679,182.54514652,4,390,87,93,194,764,51.0471204188482,11.3874345549738,12.1727748691099,25.3926701570681
135,26163504000,Census Tract 5040,0.24404359,156.18789816,4,334,83,67,144,628,53.1847133757962,13.2165605095541,10.6687898089172,22.9299363057325
136,26163503900,Census Tract 5039,0.37990521,243.13933963,4,480,111,110,253,954,50.314465408805,11.6352201257862,11.5303983228512,26.5199161425577
137,26163503600,Census Tract 5036,0.28529165,182.58666023,3,394,78,77,216,765,51.5032679738562,10.1960784313725,10.0653594771242,28.2352941176471
138,26163503500,Census Tract 5035,0.62364572,399.13326007,3,705,196,148,479,1528,46.1387434554974,12.8272251308901,9.68586387434555,31.348167539267
139,26163503400,Census Tract 5034,0.25879616,165.62954767,3,298,96,88,191,673,44.2793462109955,14.2644873699851,13.075780089153,28.3803863298663
140,26163503300,Census Tract 5033,0.50122855,320.78627508,3,929,217,120,361,1627,57.0989551321451,13.3374308543331,7.37553779963122,22.1880762138906
141,26163503200,Census Tract 5032,0.49086711,314.15495508,3,821,227,132,389,1569,52.3263224984066,14.4678138942001,8.41300191204589,24.7928616953474
142,26163503100,Census Tract 5031,0.37858822,242.29646318,3,913,134,63,19,1129,80.8680248007086,11.8689105403012,5.58015943312666,1.6829052258636
143,26163502000,Census Tract 5020,0.34531278,221.00018012,4,505,114,73,118,810,62.3456790123457,14.0740740740741,9.01234567901234,14.5679012345679
144,26163501900,Census Tract 5019,0.2867434,183.51577646,4,594,158,103,139,994,59.7585513078471,15.8953722334004,10.3621730382294,13.9839034205231
145,26163501800,Census Tract 5018,0.55610757,355.90884551,4,1351,199,95,122,1767,76.45727221279,11.262026032824,5.37634408602151,6.90435766836446
146,26163501700,Census Tract 5017,0.46315347,296.41822504,4,640,175,107,129,1051,60.8943862987631,16.650808753568,10.1807802093245,12.2740247383444
147,26163501600,Census Tract 5016,0.46839095,299.77020953,4,605,158,77,85,925,65.4054054054054,17.0810810810811,8.32432432432432,9.18918918918919
148,26163546200,Census Tract 5462,1.04772102,670.5414553,7,1104,159,41,27,1331,82.9451540195342,11.9459053343351,3.08039068369647,2.02854996243426
149,26163543200,Census Tract 5432,0.49648104,317.74786732,1,896,141,83,75,1195,74.9790794979079,11.7991631799163,6.94560669456067,6.27615062761506
150,26163543100,Census Tract 5431,0.36640361,234.49831156,1,882,85,41,30,1038,84.9710982658959,8.1888246628131,3.94990366088632,2.89017341040462
151,26163543000,Census Tract 5430,0.35839392,229.37211043,1,676,58,18,7,759,89.064558629776,7.64163372859025,2.37154150197628,0.922266139657444
152,26163542900,Census Tract 5429,0.50268377,321.71761526,1,1225,112,35,22,1394,87.8766140602582,8.03443328550932,2.51076040172166,1.57819225251076
153,26163542800,Census Tract 5428,0.33804904,216.35138659,1,886,88,33,29,1036,85.5212355212355,8.49420849420849,3.18532818532819,2.7992277992278
154,26163542700,Census Tract 5427,0.54631447,349.64126463,1,304,71,66,132,573,53.0541012216405,12.39092495637,11.5183246073298,23.0366492146597
155,26163542600,Census Tract 5426,0.53271287,340.93623627,1,960,120,96,72,1248,76.9230769230769,9.61538461538462,7.69230769230769,5.76923076923077
156,26163542500,Census Tract 5425,0.40811075,261.19088192,1,782,114,42,37,975,80.2051282051282,11.6923076923077,4.30769230769231,3.7948717948718
157,26163542400,Census Tract 5424,0.26485372,169.50638399,1,672,140,103,110,1025,65.5609756097561,13.6585365853659,10.0487804878049,10.7317073170732
158,26163542300,Census Tract 5423,0.31980687,204.67639866,1,554,110,60,83,807,68.6493184634449,13.6307311028501,7.43494423791822,10.2850061957869
159,26163542200,Census Tract 5422,0.50223512,321.43047881,1,1143,169,80,98,1490,76.7114093959731,11.3422818791946,5.36912751677852,6.57718120805369
160,26163542100,Census Tract 5421,0.50175983,321.12629208,1,1358,170,114,108,1750,77.6,9.71428571428571,6.51428571428571,6.17142857142857
161,26163541800,Census Tract 5418,0.46447549,297.26431386,1,701,76,53,66,896,78.2366071428571,8.48214285714286,5.91517857142857,7.36607142857143
162,26163512200,Census Tract 5122,0.51504329,329.62770561,4,81,19,12,35,147,55.1020408163265,12.9251700680272,8.16326530612245,23.8095238095238
163,26163985500,Census Tract 9855,1.3119342,839.63789146,5,,,,,,,,,
164,26163517300,Census Tract 5173,0.32411075,207.43088234,5,68,19,24,12,123,55.2845528455285,15.4471544715447,19.5121951219512,9.75609756097561
165,26163518900,Census Tract 5189,0.71211871,455.7559755,5,210,21,7,3,241,87.1369294605809,8.71369294605809,2.9045643153527,1.2448132780083
166,26163513700,Census Tract 5137,1.28473717,822.23178842,5,446,101,75,147,769,57.9973992197659,13.1339401820546,9.75292587776333,19.1157347204161
167,26163501500,Census Tract 5015,0.61883681,396.05556255,4,1158,234,109,132,1633,70.9124311083895,14.3294549908145,6.67483159828536,8.08328230251072
168,26163501400,Census Tract 5014,0.4913343,314.45395259,4,1124,160,93,118,1495,75.1839464882943,10.7023411371237,6.22073578595318,7.89297658862876
169,26163501300,Census Tract 5013,0.47695508,305.25125399,4,752,220,158,313,1443,52.1136521136521,15.2460152460152,10.949410949411,21.6909216909217
170,26163501200,Census Tract 5012,0.26552052,169.93313498,4,424,91,74,236,825,51.3939393939394,11.030303030303,8.96969696969697,28.6060606060606
171,26163501100,Census Tract 5011,0.4770547,305.31500718,4,889,218,131,311,1549,57.3918657198192,14.0735958683021,8.45706907682376,20.0774693350549
172,26163501000,Census Tract 5010,0.34596645,221.41852953,4,784,190,120,207,1301,60.261337432744,14.6041506533436,9.22367409684858,15.9108378170638
173,26163500900,Census Tract 5009,0.45027581,288.17651927,4,923,181,118,194,1416,65.183615819209,12.7824858757062,8.33333333333333,13.7005649717514
174,26163500800,Census Tract 5008,0.31079023,198.90574669,4,708,143,47,55,953,74.2917103882476,15.0052465897167,4.93179433368311,5.77124868835257
175,26163500700,Census Tract 5007,0.46982648,300.68894734,4,1169,240,124,158,1691,69.130691898285,14.1927853341218,7.33293908929627,9.34358367829687
176,26163500600,Census Tract 5006,0.57372232,367.18228721,4,763,176,146,472,1557,49.0044958253051,11.3037893384714,9.37700706486834,30.3147077713552
177,26163500500,Census Tract 5005,0.31402731,200.97747821,4,410,111,88,271,880,46.5909090909091,12.6136363636364,10,30.7954545454545
178,26163500400,Census Tract 5004,0.38142182,244.10996957,4,251,77,96,265,689,36.4296081277213,11.1756168359942,13.933236574746,38.4615384615385
179,26163500300,Census Tract 5003,0.49601694,317.45084665,3,562,182,126,428,1298,43.2973805855162,14.0215716486903,9.70724191063174,32.9738058551618
180,26163541700,Census Tract 5417,0.49409338,316.21976764,1,362,27,14,7,410,88.2926829268293,6.58536585365854,3.41463414634146,1.70731707317073
181,26163541500,Census Tract 5415,0.47841571,306.18605364,1,1075,108,46,29,1258,85.4531001589825,8.58505564387917,3.65659777424483,2.30524642289348
182,26163541400,Census Tract 5414,0.97714618,625.37355691,1,796,108,71,73,1048,75.9541984732824,10.3053435114504,6.77480916030534,6.96564885496183
183,26163541300,Census Tract 5413,0.495671,317.22944023,1,774,145,73,46,1038,74.5664739884393,13.9691714836224,7.03275529865125,4.43159922928709
184,26163541200,Census Tract 5412,0.43992016,281.54890584,1,380,109,88,236,813,46.7404674046741,13.4071340713407,10.8241082410824,29.0282902829028
185,26163541100,Census Tract 5411,0.55283767,353.81611004,1,871,214,159,419,1663,52.3752254960914,12.8683102826218,9.56103427540589,25.1954299458809
186,26163541000,Census Tract 5410,0.49592003,317.3888232,1,919,139,92,172,1322,69.5158850226929,10.5143721633888,6.95915279878971,13.0105900151286
187,26163540900,Census Tract 5409,0.48744432,311.96436587,1,1281,113,47,46,1487,86.1466039004707,7.59919300605245,3.16072629455279,3.09347679892401
188,26163540800,Census Tract 5408,0.48939606,313.21348357,1,739,87,52,99,977,75.639713408393,8.90481064483112,5.32241555783009,10.1330603889458
189,26163540700,Census Tract 5407,0.49650266,317.76170522,1,1022,149,114,134,1419,72.0225510923185,10.5003523608175,8.0338266384778,9.44326990838619
190,26163540600,Census Tract 5406,0.46226235,295.84790582,1,1122,145,97,148,1512,74.2063492063492,9.58994708994709,6.41534391534392,9.78835978835979
191,26163540500,Census Tract 5405,0.53665767,343.46091195,1,1176,140,81,94,1491,78.8732394366197,9.38967136150235,5.43259557344064,6.30449362843729
192,26163540400,Census Tract 5404,0.49313353,315.60546366,2,765,118,65,112,1060,72.1698113207547,11.1320754716981,6.13207547169811,10.5660377358491
193,26163540300,Census Tract 5403,0.49759494,318.46076634,2,1314,194,95,94,1697,77.4307601649971,11.4319387153801,5.59811431938715,5.53918680023571
194,26163505400,Census Tract 5054,0.53677312,343.53479645,4,561,150,184,427,1322,42.4357034795764,11.3464447806354,13.9183055975794,32.2995461422088
195,26163505500,Census Tract 5055,0.73563194,470.8044461,3,384,110,69,130,693,55.4112554112554,15.8730158730159,9.95670995670996,18.7590187590188
196,26163511000,Census Tract 5110,1.95212595,1249.36060554,3,547,129,103,217,996,54.9196787148594,12.9518072289157,10.3413654618474,21.7871485943775
197,26163511300,Census Tract 5113,0.58451349,374.0886355,3,536,142,118,298,1094,48.9945155393053,12.9798903107861,10.7861060329068,27.2394881170018
198,26163523300,Census Tract 5233,0.27053908,173.14501072,6,628,78,30,37,773,81.24191461837,10.0905562742561,3.88098318240621,4.78654592496766
199,26163523200,Census Tract 5232,0.33042777,211.47377348,6,759,68,52,32,911,83.3150384193194,7.46432491767289,5.70801317233809,3.51262349066959
200,26163523100,Census Tract 5231,0.5697223,364.62227546,6,320,66,24,29,439,72.8929384965831,15.0341685649203,5.46697038724374,6.60592255125285
201,26163522300,Census Tract 5223,0.63764694,408.09404251,5,245,84,70,146,545,44.954128440367,15.4128440366972,12.8440366972477,26.7889908256881
202,26163522200,Census Tract 5222,0.20296232,129.89588563,5,107,34,34,64,239,44.7698744769874,14.2259414225941,14.2259414225941,26.7782426778243
203,26163522100,Census Tract 5221,0.42937687,274.8011992,6,184,63,60,81,388,47.4226804123711,16.2371134020619,15.4639175257732,20.8762886597938
204,26163522000,Census Tract 5220,0.62009203,396.85890215,6,296,61,38,41,436,67.8899082568807,13.9908256880734,8.71559633027523,9.40366972477064
205,26163515900,Census Tract 5159,0.48966248,313.38398629,5,367,112,77,164,720,50.9722222222222,15.5555555555556,10.6944444444444,22.7777777777778
206,26163508100,Census Tract 5081,0.60784448,389.02047236,3,487,180,295,370,1332,36.5615615615616,13.5135135135135,22.1471471471471,27.7777777777778
207,26163511400,Census Tract 5114,0.75352469,482.25580366,5,576,143,132,208,1059,54.3909348441926,13.5033050047214,12.4645892351275,19.6411709159585
208,26163514200,Census Tract 5142,0.37926699,242.73087444,5,541,111,93,222,967,55.9462254395036,11.4788004136505,9.61737331954498,22.9576008273009
209,26163516000,Census Tract 5160,0.55447474,354.86383686,5,656,168,103,218,1145,57.292576419214,14.6724890829694,8.99563318777293,19.0393013100437
210,26163522500,Census Tract 5225,0.36088042,230.96346909,6,93,26,23,21,163,57.0552147239264,15.9509202453988,14.1104294478528,12.8834355828221
211,26163500200,Census Tract 5002,0.36285765,232.22889574,3,878,117,97,120,1212,72.4422442244225,9.65346534653465,8.003300330033,9.9009900990099
212,26163500100,Census Tract 5001,0.46425116,297.12074564,3,1094,208,121,161,1584,69.0656565656566,13.1313131313131,7.63888888888889,10.1641414141414
213,26163540200,Census Tract 5402,0.49238874,315.12879738,2,1104,201,160,277,1742,63.3754305396096,11.5384615384615,9.18484500574053,15.9012629161883
214,26163540100,Census Tract 5401,0.47872845,306.386209,2,999,137,86,152,1374,72.707423580786,9.97088791848617,6.25909752547307,11.0625909752547
215,26163539700,Census Tract 5397,0.28723375,183.82960029,2,636,62,38,31,767,82.9204693611473,8.08344198174707,4.95436766623207,4.04172099087353
216,26163539600,Census Tract 5396,0.42981896,275.08413486,2,1072,121,67,54,1314,81.5829528158295,9.20852359208524,5.09893455098935,4.10958904109589
217,26163539500,Census Tract 5395,0.6059244,387.7916173,2,1038,88,45,30,1201,86.4279766860949,7.32722731057452,3.74687760199834,2.49791840133222
218,26163539400,Census Tract 5394,0.45050979,288.32626513,2,1217,158,76,47,1498,81.241655540721,10.5473965287049,5.07343124165554,3.13751668891856
219,26163539300,Census Tract 5393,0.50762858,324.88229388,2,1369,157,69,48,1643,83.323189287888,9.55569080949483,4.19963481436397,2.9214850882532
220,26163539200,Census Tract 5392,0.70048082,448.3077251,2,1554,181,81,47,1863,83.4138486312399,9.71551261406334,4.34782608695652,2.5228126677402
221,26163539100,Census Tract 5391,0.24032851,153.81025019,2,647,108,57,64,876,73.8584474885845,12.3287671232877,6.50684931506849,7.30593607305936
222,26163539000,Census Tract 5390,0.50491892,323.14810831,2,978,190,99,111,1378,70.9724238026125,13.7880986937591,7.18432510885341,8.05515239477504
223,26163538900,Census Tract 5389,0.49653934,317.78518023,2,1102,133,53,35,1323,83.2955404383976,10.0529100529101,4.00604686318972,2.64550264550265
224,26163538800,Census Tract 5388,0.25519344,163.32380736,2,507,64,25,13,609,83.2512315270936,10.5090311986864,4.10509031198686,2.13464696223317
225,26163525000,Census Tract 5250,1.5285742,978.28748521,6,275,60,56,67,458,60.0436681222707,13.1004366812227,12.2270742358079,14.6288209606987
226,26163530900,Census Tract 5309,0.48743505,311.95843534,7,408,147,195,228,978,41.7177914110429,15.0306748466258,19.9386503067485,23.3128834355828
230,26163538700,Census Tract 5387,0.49903819,319.38444625,2,1157,149,98,54,1458,79.3552812071331,10.2194787379973,6.72153635116598,3.7037037037037
231,26163538600,Census Tract 5386,0.49325477,315.68305475,2,1589,184,88,75,1936,82.0764462809917,9.50413223140496,4.54545454545455,3.87396694214876
232,26163538500,Census Tract 5385,0.49743201,318.35648787,2,1353,226,139,81,1799,75.2084491384102,12.5625347415231,7.72651473040578,4.50250138966092
233,26163538400,Census Tract 5384,0.50478803,323.06433959,2,1175,93,35,12,1315,89.3536121673004,7.07224334600761,2.6615969581749,0.91254752851711
234,26163538300,Census Tract 5383,1.08089067,691.77003147,2,187,18,12,5,222,84.2342342342342,8.10810810810811,5.40540540540541,2.25225225225225
235,26163538200,Census Tract 5382,0.5429326,347.4768686,2,729,44,7,2,782,93.2225063938619,5.62659846547315,0.895140664961637,0.255754475703325
236,26163538100,Census Tract 5381,0.57368834,367.16054193,2,849,52,15,2,918,92.483660130719,5.66448801742919,1.63398692810458,0.217864923747277
237,26163537800,Census Tract 5378,0.31956092,204.51899253,1,484,113,75,198,870,55.632183908046,12.9885057471264,8.62068965517241,22.7586206896552
238,26163537700,Census Tract 5377,0.36473989,233.43353448,1,731,149,95,211,1186,61.6357504215852,12.5632377740304,8.01011804384486,17.7908937605396
239,26163537600,Census Tract 5376,0.36696886,234.86007384,1,982,145,73,113,1313,74.7905559786748,11.043412033511,5.55978674790556,8.60624523990861
240,26163537500,Census Tract 5375,0.36293101,232.27584577,1,821,177,86,140,1224,67.0751633986928,14.4607843137255,7.02614379084967,11.437908496732
241,26163537300,Census Tract 5373,0.51641009,330.50245866,1,658,155,136,299,1248,52.724358974359,12.4198717948718,10.8974358974359,23.9583333333333
242,26163537200,Census Tract 5372,0.4680701,299.56486496,7,226,61,49,133,469,48.1876332622601,13.0063965884861,10.4477611940299,28.3582089552239
244,26163537100,Census Tract 5371,0.43887112,280.87752052,2,607,136,121,170,1034,58.7040618955513,13.1528046421663,11.7021276595745,16.4410058027079
245,26163537000,Census Tract 5370,0.38869753,248.76642337,2,856,212,128,214,1410,60.709219858156,15.0354609929078,9.07801418439716,15.177304964539
246,26163536900,Census Tract 5369,0.37629207,240.82692747,2,898,187,104,134,1323,67.8760393046107,14.1345427059713,7.86092214663643,10.1284958427816
247,26163536800,Census Tract 5368,0.24505595,156.83580847,2,442,111,90,86,729,60.6310013717421,15.2263374485597,12.3456790123457,11.7969821673525
248,26163536700,Census Tract 5367,0.24855365,159.07433612,2,310,65,54,102,531,58.3804143126177,12.241054613936,10.1694915254237,19.2090395480226
249,26163536600,Census Tract 5366,0.71161755,455.43523271,7,807,157,145,257,1366,59.0775988286969,11.493411420205,10.6149341142021,18.814055636896
250,26163536500,Census Tract 5365,0.48669682,311.48596986,7,639,116,78,126,959,66.6319082377477,12.0959332638165,8.13347236704901,13.1386861313869
251,26163536400,Census Tract 5364,0.49791348,318.66462828,7,794,149,103,326,1372,57.8717201166181,10.8600583090379,7.50728862973761,23.7609329446064
252,26163536300,Census Tract 5363,0.49595748,317.41279242,2,691,206,176,279,1352,51.1094674556213,15.2366863905325,13.0177514792899,20.6360946745562
253,26163536200,Census Tract 5362,0.25978767,166.26411428,2,685,121,64,68,938,73.0277185501066,12.8997867803838,6.82302771855011,7.24946695095949
254,26163536100,Census Tract 5361,0.50004013,320.02568472,2,765,214,161,377,1517,50.4284772577456,14.1067897165458,10.6130520764667,24.8516809492419
255,26163535700,Census Tract 5357,0.25104941,160.6716253,7,372,76,72,101,621,59.9033816425121,12.2383252818035,11.5942028985507,16.2640901771337
256,26163535600,Census Tract 5356,0.50135751,320.86880828,7,1270,88,62,36,1456,87.2252747252747,6.04395604395604,4.25824175824176,2.47252747252747
257,26163535500,Census Tract 5355,0.37762528,241.68018236,7,800,102,80,146,1128,70.9219858156028,9.04255319148936,7.09219858156028,12.9432624113475
258,26163535400,Census Tract 5354,0.38033495,243.41436792,7,556,76,58,90,780,71.2820512820513,9.74358974358974,7.43589743589744,11.5384615384615
259,26163535300,Census Tract 5353,0.74417986,476.27511213,7,1275,175,100,164,1714,74.3873978996499,10.2100350058343,5.8343057176196,9.56826137689615
260,26163535200,Census Tract 5352,0.543016,347.53024336,7,598,120,94,204,1016,58.8582677165354,11.8110236220472,9.25196850393701,20.0787401574803
261,26163535100,Census Tract 5351,0.37483145,239.89212782,7,484,95,70,156,805,60.1242236024845,11.8012422360248,8.69565217391304,19.3788819875776
262,26163535000,Census Tract 5350,0.49306481,315.5614789,7,697,127,99,201,1124,62.0106761565836,11.2989323843416,8.80782918149466,17.8825622775801
263,26163534700,Census Tract 5347,0.41464321,265.37165786,7,961,201,125,81,1368,70.2485380116959,14.6929824561404,9.1374269005848,5.92105263157895
264,26163534600,Census Tract 5346,0.31217402,199.79137238,6,541,110,101,196,948,57.0675105485232,11.6033755274262,10.6540084388186,20.6751054852321
265,26163534500,Census Tract 5345,0.46997899,300.78655396,6,322,56,56,197,631,51.0301109350238,8.87480190174326,8.87480190174326,31.2202852614897
266,26163534400,Census Tract 5344,0.35782712,229.00935973,7,432,104,70,217,823,52.4908869987849,12.636695018226,8.50546780072904,26.36695018226
267,26163534300,Census Tract 5343,0.2946249,188.5599386,7,328,71,55,221,675,48.5925925925926,10.5185185185185,8.14814814814815,32.7407407407407
268,26163534200,Census Tract 5342,0.65393118,418.51595905,7,1006,221,170,411,1808,55.641592920354,12.2234513274336,9.40265486725664,22.7323008849558
269,26163534100,Census Tract 5341,0.2946832,188.59725151,7,403,84,54,148,689,58.4905660377358,12.1915820029028,7.83744557329463,21.4804063860668
270,26163533700,Census Tract 5337,0.32289607,206.65348881,6,312,81,73,158,624,50,12.9807692307692,11.6987179487179,25.3205128205128
271,26163533600,Census Tract 5336,0.34391432,220.10516443,6,474,130,135,357,1096,43.2481751824818,11.8613138686131,12.3175182481752,32.5729927007299
272,26163533500,Census Tract 5335,0.18252554,116.8163507,6,280,66,70,106,522,53.639846743295,12.6436781609195,13.4099616858238,20.3065134099617
273,26163533400,Census Tract 5334,0.47673191,305.10842708,5,538,185,146,331,1200,44.8333333333333,15.4166666666667,12.1666666666667,27.5833333333333
274,26163533300,Census Tract 5333,0.26650045,170.56028844,5,342,80,69,274,765,44.7058823529412,10.4575163398693,9.01960784313725,35.8169934640523
275,26163533200,Census Tract 5332,0.24183547,154.77470249,5,339,105,81,266,791,42.8571428571429,13.2743362831858,10.2402022756005,33.6283185840708
276,26163533100,Census Tract 5331,0.23561613,150.79432901,5,194,55,44,89,382,50.7853403141361,14.3979057591623,11.5183246073298,23.2984293193717
277,26163533000,Census Tract 5330,0.28709166,183.73866551,5,278,61,51,90,480,57.9166666666667,12.7083333333333,10.625,18.75
278,26163532700,Census Tract 5327,0.22591455,144.5853121,5,144,45,53,121,363,39.6694214876033,12.396694214876,14.6005509641873,33.3333333333333
279,26163532600,Census Tract 5326,0.27271901,174.54016771,5,278,38,42,64,422,65.8767772511848,9.00473933649289,9.95260663507109,15.1658767772512
280,26163532400,Census Tract 5324,0.2110527,135.07373178,5,230,42,54,68,394,58.3756345177665,10.6598984771574,13.7055837563452,17.258883248731
281,26163532300,Census Tract 5323,0.26113363,167.12552364,5,288,38,26,20,372,77.4193548387097,10.2150537634409,6.98924731182796,5.37634408602151
282,26163532200,Census Tract 5322,0.2701661,172.90630693,5,333,61,49,102,545,61.1009174311927,11.1926605504587,8.99082568807339,18.7155963302752
283,26163531900,Census Tract 5319,0.27359392,175.1001085,5,151,51,58,116,376,40.1595744680851,13.563829787234,15.4255319148936,30.8510638297872
284,26163531800,Census Tract 5318,0.33546486,214.69751028,5,426,129,120,314,989,43.0738119312437,13.0434782608696,12.1334681496461,31.7492416582406
285,26163531700,Census Tract 5317,0.28930403,185.15457935,2,354,90,92,122,658,53.7993920972644,13.677811550152,13.9817629179331,18.5410334346505
286,26163531600,Census Tract 5316,0.21597743,138.22556091,2,390,94,68,89,641,60.8424336973479,14.6645865834633,10.6084243369735,13.8845553822153
290,26163531500,Census Tract 5315,0.33435674,213.98831783,5,412,144,112,303,971,42.4304840370752,14.8300720906282,11.5345005149331,31.2049433573635
291,26163531400,Census Tract 5314,0.19382791,124.04986652,5,379,92,51,142,664,57.078313253012,13.855421686747,7.68072289156626,21.3855421686747
292,26163531300,Census Tract 5313,0.2237601,143.20646408,5,216,55,44,72,387,55.8139534883721,14.2118863049096,11.3695090439276,18.6046511627907
293,26163531200,Census Tract 5312,0.41671195,266.6956485,5,724,110,76,123,1033,70.0871248789932,10.648596321394,7.35721200387222,11.9070667957406
294,26163531100,Census Tract 5311,0.24085168,154.14507798,5,155,55,35,94,339,45.7227138643068,16.2241887905605,10.3244837758112,27.7286135693215
295,26163530800,Census Tract 5308,0.45092716,288.59338604,7,367,103,78,250,798,45.9899749373434,12.9072681704261,9.77443609022556,31.328320802005
296,26163530500,Census Tract 5305,0.28973839,185.4325729,7,577,149,76,79,881,65.4937570942111,16.9125993189557,8.62656072644722,8.96708286038593
297,26163530400,Census Tract 5304,0.17207569,110.12844357,2,272,59,59,77,467,58.2441113490364,12.6338329764454,12.6338329764454,16.4882226980728
298,26163530300,Census Tract 5303,0.62225343,398.24219807,2,452,117,87,173,829,54.5235223160434,14.1133896260555,10.4945717732207,20.8685162846803
299,26163530200,Census Tract 5302,0.55068515,352.43849754,2,887,167,152,225,1431,61.9846261355695,11.6701607267645,10.6219426974144,15.7232704402516
300,26163530100,Census Tract 5301,0.49897294,319.34268544,2,718,171,160,230,1279,56.137607505864,13.3698201720094,12.5097732603597,17.982799061767
301,26163526400,Census Tract 5264,0.21893729,140.11987076,6,319,60,27,78,484,65.9090909090909,12.396694214876,5.57851239669422,16.1157024793388
302,26163526300,Census Tract 5263,0.39131608,250.44229206,6,653,136,95,173,1057,61.7786187322611,12.8666035950804,8.98770104068117,16.3670766319773
303,26163526200,Census Tract 5262,0.27130974,173.63823306,6,620,85,78,103,886,69.9774266365689,9.59367945823928,8.80361173814898,11.6252821670429
304,26163526100,Census Tract 5261,0.26389928,168.89553949,6,546,64,42,57,709,77.0098730606488,9.02679830747532,5.92383638928068,8.03949224259521
305,26163526000,Census Tract 5260,0.64861031,415.1105998,6,721,101,65,70,957,75.3396029258098,10.5538140020899,6.79205851619645,7.31452455590387
306,26163525800,Census Tract 5258,0.21813652,139.6073742,6,396,69,58,61,584,67.8082191780822,11.8150684931507,9.93150684931507,10.4452054794521
307,26163525700,Census Tract 5257,0.52655878,336.9976236,6,983,145,96,104,1328,74.0210843373494,10.9186746987952,7.2289156626506,7.83132530120482
308,26163525600,Census Tract 5256,0.30071836,192.45975572,6,351,59,57,42,509,68.958742632613,11.5913555992141,11.1984282907662,8.25147347740668
309,26163525500,Census Tract 5255,0.33810386,216.38647556,6,268,65,52,66,451,59.4235033259423,14.4124168514412,11.529933481153,14.6341463414634
310,26163525400,Census Tract 5254,0.46481294,297.48028397,6,448,92,78,95,713,62.8330995792426,12.9032258064516,10.9396914446003,13.3239831697055
311,26163527300,Census Tract 5273,0.39239407,251.13221028,6,263,98,111,210,682,38.5630498533724,14.3695014662757,16.2756598240469,30.791788856305
312,26163527200,Census Tract 5272,0.24601078,157.44690008,6,246,77,81,189,593,41.4839797639123,12.9848229342327,13.6593591905565,31.8718381112985
313,26163524700,Census Tract 5247,0.78562677,502.80113346,6,1335,197,156,146,1834,72.7917121046892,10.7415485278081,8.50599781897492,7.96074154852781
314,26163524500,Census Tract 5245,1.06871031,683.97459802,6,144,25,19,9,197,73.0964467005076,12.6903553299492,9.64467005076142,4.56852791878173
315,26163524300,Census Tract 5243,0.61340667,392.58027248,6,625,75,44,53,797,78.4190715181932,9.41028858218319,5.5207026348808,6.64993726474278
316,26163524200,Census Tract 5242,0.33379612,213.62952082,6,994,100,67,69,1230,80.8130081300813,8.13008130081301,5.44715447154472,5.60975609756098
317,26163524100,Census Tract 5241,0.70370825,450.37327898,6,743,99,59,59,960,77.3958333333333,10.3125,6.14583333333333,6.14583333333333
318,26163524000,Census Tract 5240,0.62855578,402.2756992,6,564,83,40,54,741,76.1133603238866,11.2010796221323,5.39811066126856,7.28744939271255
319,26163523800,Census Tract 5238,0.49715749,318.18079594,6,847,123,67,70,1107,76.513098464318,11.1111111111111,6.05239385727191,6.32339656729901
320,26163523400,Census Tract 5234,0.29736043,190.31068023,6,423,32,23,15,493,85.8012170385396,6.49087221095335,4.66531440162272,3.04259634888438
